system,dimension,degree,noise,eq,variable,success,support_error,coeff_error,rel_L2,R2,n_true,n_learned,cond_G,equation,error
Aizawa,3,4,0.0,0,x,True,0.0,3.956834859764058e-13,1.251283050600494e-13,1.0,3.0,3.0,18787.179480301285,x_{t} = - 0.70(x) - 3.50(y) + 1.00(x z),
Aizawa,3,4,0.0,1,y,True,0.0,5.571733550725964e-13,1.3083465789053482e-13,1.0,3.0,3.0,18787.17948030106,y_{t} = - 0.70(y) + 3.50(x) + 1.00(y z),
Aizawa,3,4,0.0,2,z,False,4.0,1.3293435294105853,0.047016437021419465,0.9977891424894061,8.0,4.0,774245.047344359,z_{t} = + 0.68(1) + 0.84(z) - 2.33(y^2) - 0.33(z^3),
Arneodo,3,3,0.0,0,x,True,0.0,2.1538326677728037e-14,5.4875354810291794e-14,1.0,1.0,1.0,193.07082772951424,x_{t} = + 1.00(y),
Arneodo,3,3,0.0,1,y,True,0.0,1.2212453270876722e-14,6.519823049289398e-14,1.0,1.0,1.0,206.96008953767398,y_{t} = + 1.00(z),
Arneodo,3,3,0.0,2,z,True,0.0,2.673417043297377e-13,1.320082455090296e-13,1.0,4.0,4.0,131.10888053774576,z_{t} = - 1.00(z) + 5.50(x) - 4.50(y) - 1.00(x^3),
AtmosphericRegime,3,2,0.0,0,x,False,2.0,2.4826309215264653,0.08684951168745364,0.9923621633498034,2.0,2.0,876.4256124362465,x_{t} = + 0.17(x) - 0.58(x z),
AtmosphericRegime,3,2,0.0,1,y,False,4.0,2.392709791702326,0.3844843870146403,0.8233406515555102,5.0,5.0,749.240673748162,y_{t} = - 0.03(y) + 0.09(z) - 0.22(y x) - 0.16(x z) - 0.13(z^2),
AtmosphericRegime,3,2,0.0,2,z,False,4.0,2.6183179907553944,0.12558956193891352,0.9842254110801611,4.0,4.0,11647.120897467676,z_{t} = - 0.04(z) + 0.02(z^2) + 0.16(z x) - 0.09(z y),
Bouali,3,3,0.0,0,x,True,0.0,1.092459456231154e-12,6.509624037528392e-13,1.0,3.0,3.0,933.8086962943354,x_{t} = + 4.00(x) + 0.30(z) - 1.00(x y),
Bouali,3,3,0.0,1,y,True,0.0,5.278000259067994e-13,1.4413058243035612e-12,1.0,2.0,2.0,919.8594080183256,y_{t} = - 1.00(y) + 1.00(y x^2),
Bouali,3,3,0.0,2,z,True,0.0,1.8346435481930712e-13,3.4511026924626847e-14,1.0,3.0,3.0,1172.0604545396718,z_{t} = - 0.05(z) - 1.50(x) + 1.00(z x),
Bouali2,3,3,0.0,0,x,True,0.0,4.947956651876497e-06,4.959889090931859e-06,0.9999999999753159,3.0,3.0,309.65827284578194,x_{t} = + 3.00(x) - 2.20(z) - 3.00(x y),
Bouali2,3,3,0.0,1,y,True,0.0,2.163166226365476e-06,4.211472449639943e-06,0.9999999999822025,2.0,2.0,317.38516756947166,y_{t} = - 1.00(y) + 1.00(y x^2),
Bouali2,3,3,0.0,2,z,True,0.0,6.863909250561953e-10,1.2847991613526338e-08,0.9999999999999999,1.0,1.0,507.0784830271319,z_{t} = + 0.00(x),
BurkeShaw,3,2,0.0,0,x,True,0.0,6.608047442568932e-14,5.697220530337833e-13,1.0,2.0,2.0,35.63294436460771,x_{t} = - 10.00(x) - 10.00(y),
BurkeShaw,3,2,0.0,1,y,True,0.0,4.75175454539567e-14,1.2235061169030045e-13,1.0,2.0,2.0,22.76813245493853,y_{t} = + 1.00(y) - 10.00(x z),
BurkeShaw,3,2,0.0,2,z,True,0.0,5.4793776353807727e-14,1.8178044694891853e-13,1.0,2.0,2.0,21.91898380831797,z_{t} = + 13.00(1) + 10.00(x y),
Chen,3,2,0.0,0,x,True,0.0,3.045183153257572e-15,2.5873459535465155e-13,1.0,2.0,2.0,667.9051007428759,x_{t} = - 35.00(x) + 35.00(y),
Chen,3,2,0.0,1,y,True,0.0,1.6227019727921288e-12,4.879686616801431e-13,1.0,3.0,3.0,658.2615090211696,y_{t} = + 28.00(y) - 7.00(x) - 1.00(x z),
Chen,3,2,0.0,2,z,True,0.0,7.37410132956029e-13,1.0441058391097725e-12,1.0,2.0,2.0,642.6302787740267,z_{t} = - 3.00(z) + 1.00(x y),
ChenLee,3,2,0.0,0,x,True,0.0,3.8746783559417963e-13,7.769351216812607e-12,1.0,2.0,2.0,599.6076376139043,x_{t} = + 5.00(x) - 1.00(y z),
ChenLee,3,2,0.0,1,y,False,,,,,,,,,ValueError: cannot convert float NaN to integer
ChenLee,3,2,0.0,2,z,True,0.0,1.4039938802200499e-12,1.3662493686832173e-12,1.0,2.0,2.0,809.6109216596235,z_{t} = - 0.38(z) + 0.33(x y),
Coullet,3,3,0.0,0,x,True,0.0,1.7043033651020778e-12,3.1572485126443285e-12,1.0,1.0,1.0,707.7676129545341,x_{t} = + 1.00(y),
Coullet,3,3,0.0,1,y,True,0.0,3.885780586188048e-14,1.2979114148795031e-13,1.0,1.0,1.0,261.87339870397096,y_{t} = + 1.00(z),
Coullet,3,3,0.0,2,z,True,0.0,2.2216796303887854e-13,1.167496454791587e-13,1.0,4.0,4.0,181.83707373769172,z_{t} = - 0.45(z) + 0.80(x) - 1.10(y) - 1.00(x^3),
Dadras,3,2,0.0,0,x,True,0.0,2.0030871850096332e-08,1.0752646996649761e-07,0.9999999999999885,3.0,3.0,37.70826295814055,x_{t} = - 3.00(x) + 1.00(y) + 2.70(y z),
Dadras,3,2,0.0,1,y,True,0.0,2.6407010356166438e-08,5.361771846894781e-08,0.9999999999999971,3.0,3.0,37.70826295814053,y_{t} = + 1.70(y) + 1.00(z) - 1.00(x z),
Dadras,3,2,0.0,2,z,True,0.0,6.809661910899143e-08,1.3200718927084863e-07,0.9999999999999826,2.0,2.0,26.450502925242763,z_{t} = - 9.00(z) + 2.00(x y),
DequanLi,3,2,0.0,0,x,True,0.0,2.1316282072803005e-15,2.8788580742615197e-14,1.0,3.0,3.0,676.9551866748648,x_{t} = - 40.00(x) + 40.00(y) + 0.16(x z),
DequanLi,3,2,0.0,1,y,True,0.0,7.273373822417026e-14,4.667805812371612e-14,1.0,3.0,3.0,619.7590118549003,y_{t} = + 20.00(y) + 55.00(x) - 1.00(x z),
DequanLi,3,2,0.0,2,z,True,0.0,2.0317081350640365e-13,3.7180432887824697e-13,1.0,3.0,3.0,545.909950549109,z_{t} = + 1.83(z) - 0.65(x^2) + 1.00(x y),
Finance,3,2,0.0,0,x,True,0.0,7.66053886991358e-14,2.3954511521751735e-13,1.0,3.0,3.0,295.91264394803085,x_{t} = + 5.00(x) + 1.00(z) + 1.00(x y),
Finance,3,2,0.0,1,y,True,0.0,6.328271240363392e-13,6.436812319287641e-13,1.0,2.0,2.0,277.57454515486296,y_{t} = - 0.20(y) - 1.00(x^2),
Finance,3,2,0.0,2,z,True,0.0,4.8446095620006826e-14,2.454304599904486e-13,1.0,2.0,2.0,530.4062339822772,z_{t} = - 1.10(z) - 1.00(x),
GenesioTesi,3,2,0.0,0,x,True,0.0,1.2212453270876722e-15,5.561020711063744e-14,1.0,1.0,1.0,296.641452891636,x_{t} = + 1.00(y),
GenesioTesi,3,2,0.0,1,y,True,0.0,2.90878432451791e-14,9.260164715896233e-14,1.0,1.0,1.0,192.97132908905027,y_{t} = + 1.00(z),
GenesioTesi,3,2,0.0,2,z,True,0.0,6.903568625850973e-14,2.4009654235506196e-13,1.0,4.0,4.0,141.59926961820454,z_{t} = - 0.44(z) - 1.00(x) - 1.10(y) + 1.00(x^2),
GuckenheimerHolmes,3,3,0.0,0,x,False,1.0,1.0,0.02257145432806497,0.9994903964978767,5.0,4.0,522.8515109779904,x_{t} = - 20.25(y) + 2.90(x z) + 1.57(x^2 z) + 1.64(y^2 z),
GuckenheimerHolmes,3,3,0.0,1,y,False,1.0,1.0,0.019901706114549687,0.9996038354319968,3.0,2.0,605.3353547143076,y_{t} = + 20.24(x) + 2.82(y z),
GuckenheimerHolmes,3,3,0.0,2,z,True,0.0,8.594135504257462e-13,5.769491919758953e-14,1.0,5.0,5.0,2378.7195098079096,z_{t} = + 1.70(1) - 1.00(z^2) - 0.44(x^2) - 0.44(y^2) - 0.40(z^3),
Hadley,3,2,0.0,0,x,True,0.0,1.6764367671839864e-13,8.887431495483377e-14,1.0,4.0,4.0,61.70369444079119,x_{t} = + 1.80(1) - 0.20(x) - 1.00(y^2) - 1.00(z^2),
Hadley,3,2,0.0,1,y,True,0.0,2.162714451969805e-13,1.5716054560301404e-13,1.0,4.0,4.0,25.461984091973306,y_{t} = + 1.00(1) - 1.00(y) + 1.00(y x) - 4.00(x z),
Hadley,3,2,0.0,2,z,True,0.0,5.750955267558311e-14,1.4172351247802785e-13,1.0,3.0,3.0,25.659919900965182,z_{t} = - 1.00(z) + 1.00(z x) + 4.00(x y),
Halvorsen,3,2,0.0,0,x,True,0.0,6.064038160502605e-13,7.717349367801277e-13,1.0,4.0,4.0,87.75715493524042,x_{t} = - 1.40(x) - 4.00(y) - 4.00(z) - 1.00(y^2),
Halvorsen,3,2,0.0,1,y,True,0.0,3.9546144137148076e-13,7.431058093480714e-13,1.0,4.0,4.0,89.27928455065347,y_{t} = - 1.40(y) - 4.00(x) - 4.00(z) - 1.00(z^2),
Halvorsen,3,2,0.0,2,z,True,0.0,3.5371705564557487e-13,6.489578015152109e-13,1.0,4.0,4.0,89.2792845506537,z_{t} = - 1.40(z) - 4.00(x) - 4.00(y) - 1.00(x^2),
HenonHeiles,4,2,0.0,0,x,True,0.0,5.551115123125783e-15,1.0553601132461241e-14,1.0,1.0,1.0,1665.0628674170046,x_{t} = + 1.00(px),
HenonHeiles,4,2,0.0,1,y,True,0.0,2.2870594307278225e-14,1.3144949504836607e-14,1.0,1.0,1.0,1201.700176409697,y_{t} = + 1.00(py),
HenonHeiles,4,2,0.0,2,px,True,0.0,1.7252865802674933e-13,2.4923294492839797e-13,1.0,2.0,2.0,416.16716144616026,px_{t} = - 1.00(x) - 2.00(x y),
HenonHeiles,4,2,0.0,3,py,True,0.0,1.4566126083082054e-13,1.3756633744895926e-14,1.0,3.0,3.0,787.7185292464701,py_{t} = - 1.00(y) - 1.00(x^2) + 1.00(y^2),
HindmarshRose,3,3,0.0,0,x,True,0.0,3.599036511100654e-06,3.389298418546615e-06,0.9999999999881929,5.0,5.0,3531.5123715380955,x_{t} = - 1.00(x) + 33.33(y) + 33.33(z) + 33.33(x^2) - 16.33(x^3),
HindmarshRose,3,3,0.0,1,y,True,0.0,4.4842307939447906e-07,1.3075197242477952e-06,0.9999999999982894,2.0,2.0,7786.114309367184,y_{t} = + 1.00(z) - 0.49(x^3),
HindmarshRose,3,3,0.0,2,z,True,0.0,1.1538472489408916e-07,1.3631221387772817e-07,0.9999999999999815,3.0,3.0,6169.514354857553,z_{t} = + 0.04(1) - 1.25(z) - 1.25(x),
HyperBao,4,2,0.0,0,x,True,0.0,2.0827783941967937e-13,1.6653018090207874e-13,1.0,3.0,3.0,1990.674987807282,x_{t} = - 36.00(x) + 36.00(y) + 1.00(w),
HyperBao,4,2,0.0,1,y,True,0.0,8.748557434046234e-14,3.108379196162381e-13,1.0,2.0,2.0,1828.523811511297,y_{t} = + 20.00(y) - 1.00(x z),
HyperBao,4,2,0.0,2,z,True,0.0,1.9199456839184373e-13,3.419214608722792e-13,1.0,2.0,2.0,1509.2606032929189,z_{t} = - 3.00(z) + 1.00(x y),
HyperBao,4,2,0.0,3,w,False,1.0,1.0,0.042185666006531695,0.9982203218245166,2.0,1.0,3623.768998712778,w_{t} = + 22.99(x),
HyperCai,4,2,0.0,0,x,True,0.0,1.3590744691265917e-13,2.62971070812159e-13,1.0,2.0,2.0,1065.2980676485558,x_{t} = - 27.50(x) + 27.50(y),
HyperCai,4,2,0.0,1,y,True,0.0,1.9539925233402755e-12,2.1871337761869442e-13,1.0,4.0,4.0,874.1430019880455,y_{t} = + 19.30(y) + 3.00(x) + 1.00(w) - 1.00(x z),
HyperCai,4,2,0.0,2,z,True,0.0,1.3782078926381254e-15,4.79204721332299e-13,1.0,2.0,2.0,829.2495457177749,z_{t} = - 2.90(z) + 1.00(y^2),
HyperCai,4,2,0.0,3,w,True,0.0,1.8077122290654217e-12,2.2418859587770547e-12,1.0,1.0,1.0,2406.4234928283286,w_{t} = - 3.30(x),
HyperJha,4,2,0.0,0,x,True,0.0,4.4231285301066234e-14,7.279108042214392e-14,1.0,3.0,3.0,2373.5421442155134,x_{t} = - 10.00(x) + 10.00(y) + 1.00(w),
HyperJha,4,2,0.0,1,y,True,0.0,1.8738344209623392e-12,3.2619691920956305e-13,1.0,3.0,3.0,2234.089118324834,y_{t} = - 1.00(y) + 28.00(x) - 1.00(x z),
HyperJha,4,2,0.0,2,z,True,0.0,2.9665159217984183e-13,4.833261470164809e-13,1.0,2.0,2.0,2069.942106601144,z_{t} = - 2.67(z) + 1.00(x y),
HyperJha,4,2,0.0,3,w,True,0.0,4.817257703848554e-13,1.7867972265075272e-12,1.0,2.0,2.0,3118.032830374167,w_{t} = + 1.30(w) - 1.00(x z),
HyperLorenz,4,2,0.0,0,x,True,0.0,5.337952302397753e-13,6.023040118362291e-13,1.0,3.0,3.0,1694.8256490347442,x_{t} = - 10.00(x) + 10.00(y) + 1.00(w),
HyperLorenz,4,2,0.0,1,y,True,0.0,1.5691892230051963e-12,4.936161067861789e-13,1.0,3.0,3.0,1895.0874567173862,y_{t} = - 1.00(y) + 28.00(x) - 1.00(x z),
HyperLorenz,4,2,0.0,2,z,True,0.0,3.618319658808347e-13,4.0567841634143887e-13,1.0,2.0,2.0,1895.0874567174023,z_{t} = - 2.67(z) + 1.00(x y),
HyperLorenz,4,2,0.0,3,w,True,0.0,6.417089082333405e-14,1.1269873800435576e-13,1.0,2.0,2.0,2645.5247076761348,w_{t} = + 1.10(w) - 1.00(x z),
HyperLu,4,2,0.0,0,x,True,0.0,2.6922908347160046e-13,4.837157817796438e-13,1.0,3.0,3.0,2640.958197518108,x_{t} = - 36.00(x) + 36.00(y) + 1.00(w),
HyperLu,4,2,0.0,1,y,True,0.0,5.029310301551959e-14,1.0275442037287697e-12,1.0,2.0,2.0,2369.3360981428473,y_{t} = + 20.00(y) - 1.00(x z),
HyperLu,4,2,0.0,2,z,True,0.0,1.7304676210490774e-13,1.019714517128258e-12,1.0,2.0,2.0,2326.5146066478055,z_{t} = - 3.00(z) + 1.00(x y),
HyperLu,4,2,0.0,3,w,True,0.0,1.8407497748285095e-13,2.534722242745936e-13,1.0,2.0,2.0,3425.764668073529,w_{t} = + 1.30(w) + 1.00(x z),
HyperPang,4,2,0.0,0,x,True,0.0,3.2823126932473516e-13,7.725026810989553e-13,1.0,2.0,2.0,1486.0878277811448,x_{t} = - 36.00(x) + 36.00(y),
HyperPang,4,2,0.0,1,y,True,0.0,2.035926982557612e-12,1.0305537095464947e-12,1.0,3.0,3.0,1367.6135261863658,y_{t} = + 20.00(y) + 1.00(w) - 1.00(x z),
HyperPang,4,2,0.0,2,z,True,0.0,7.298606163885779e-13,1.9379394186302163e-12,1.0,2.0,2.0,1218.6235994735366,z_{t} = - 3.00(z) + 1.00(x y),
HyperPang,4,2,0.0,3,w,True,0.0,2.6423307986078726e-14,2.1381203714451866e-14,1.0,2.0,2.0,3572.4869373840515,w_{t} = - 2.00(x) - 2.00(y),
HyperQi,4,2,0.0,0,x,True,0.0,3.797140379901975e-13,8.269006282435979e-13,1.0,3.0,3.0,287.13236258527274,x_{t} = - 50.00(x) + 50.00(y) + 1.00(y z),
HyperQi,4,2,0.0,1,y,True,0.0,5.703585751840971e-13,5.383231216726908e-13,1.0,3.0,3.0,285.98587950900105,y_{t} = + 24.00(y) + 24.00(x) - 1.00(x z),
HyperQi,4,2,0.0,2,z,True,0.0,8.526512829121202e-14,7.380623850118825e-14,1.0,3.0,3.0,285.7836015285671,z_{t} = - 13.00(z) - 33.00(w) + 1.00(x y),
HyperQi,4,2,0.0,3,w,True,0.0,2.9411732308896414e-12,1.3996682153195526e-12,1.0,3.0,3.0,287.7423705270669,w_{t} = - 8.00(w) + 30.00(z) + 1.00(x y),
HyperRossler,4,2,0.0,0,x,True,0.0,1.5765166949677223e-14,4.646399487692421e-14,1.0,2.0,2.0,1878.2920983759045,x_{t} = - 1.00(y) - 1.00(z),
HyperRossler,4,2,0.0,1,y,True,0.0,1.0580425424677742e-13,3.043664648140398e-14,1.0,3.0,3.0,1946.2454203605441,y_{t} = + 0.25(y) + 1.00(x) + 1.00(w),
HyperRossler,4,2,0.0,2,z,False,1.0,1.0,0.04598683363823738,0.9978562307625399,2.0,1.0,1868.2851812834115,z_{t} = + 0.99(z x),
HyperRossler,4,2,0.0,3,w,True,0.0,2.220446049250313e-15,1.7522530465355718e-14,1.0,2.0,2.0,1881.5417404343184,w_{t} = + 0.05(w) - 0.50(z),
HyperWang,4,2,0.0,0,x,True,0.0,3.2862601528904634e-14,1.432889517442176e-13,1.0,2.0,2.0,1443.4248866010262,x_{t} = - 10.00(x) + 10.00(y),
HyperWang,4,2,0.0,1,y,True,0.0,2.327027459614328e-13,2.963010205943828e-13,1.0,3.0,3.0,1006.8345302903881,y_{t} = + 40.00(x) + 1.00(w) - 1.00(x z),
HyperWang,4,2,0.0,2,z,True,0.0,4.3298697960381105e-14,2.296361502949005e-13,1.0,2.0,2.0,1306.3872127749762,z_{t} = - 2.50(z) + 4.00(x^2),
HyperWang,4,2,0.0,3,w,True,0.0,6.870814190133045e-15,1.5501045882251098e-14,1.0,1.0,1.0,1803.9944011235227,w_{t} = - 10.60(x),
HyperXu,4,2,0.0,0,x,True,0.0,3.82804898890754e-13,6.938034438683071e-13,1.0,3.0,3.0,1691.3441322235878,x_{t} = - 10.00(x) + 10.00(y) + 1.00(w),
HyperXu,4,2,0.0,1,y,True,0.0,4.0323300254385684e-14,2.211200821267119e-13,1.0,2.0,2.0,1115.6292742703733,y_{t} = + 40.00(x) + 16.00(x z),
HyperXu,4,2,0.0,2,z,True,0.0,2.530198273120732e-13,2.7248630022758495e-13,1.0,2.0,2.0,1035.8268393104402,z_{t} = - 2.50(z) - 1.00(x y),
HyperXu,4,2,0.0,3,w,True,0.0,6.794564910705958e-14,1.2622788258216407e-13,1.0,2.0,2.0,1828.913541974733,w_{t} = - 2.00(y) + 1.00(x z),
HyperYan,4,2,0.0,0,x,True,0.0,1.593920191029414e-14,3.219954277846624e-13,1.0,2.0,2.0,3701.13214304322,x_{t} = - 37.00(x) + 37.00(y),
HyperYan,4,2,0.0,1,y,True,0.0,5.508321071994776e-13,6.654818207264109e-13,1.0,3.0,3.0,3368.146821048557,y_{t} = + 26.00(y) - 11.00(x) - 1.00(x z),
HyperYan,4,2,0.0,2,z,False,1.0,1.0,0.0021977977299404384,0.9999951696282176,5.0,4.0,6069.741630983153,z_{t} = - 2.99(z) + 1.02(z x) - 1.03(z y) + 1.00(x y),
HyperYan,4,2,0.0,3,w,True,0.0,3.823608096809039e-12,4.90712874114454e-12,1.0,3.0,3.0,1988.4194903488578,w_{t} = - 38.00(w) - 1.00(x z) + 1.00(y z),
HyperYangChen,4,2,0.0,0,x,True,0.0,5.452231259065835e-13,1.392841607717387e-12,1.0,2.0,2.0,1483.310607350055,x_{t} = - 30.00(x) + 30.00(y),
HyperYangChen,4,2,0.0,1,y,True,0.0,5.816014336801345e-12,2.6037076793795194e-12,1.0,3.0,3.0,1460.3660278950106,y_{t} = + 35.00(x) + 1.00(w) - 1.00(x z),
HyperYangChen,4,2,0.0,2,z,True,0.0,6.010007306637514e-14,1.1707157004529675e-13,1.0,2.0,2.0,1404.0589142306742,z_{t} = - 3.00(z) + 1.00(x y),
HyperYangChen,4,2,0.0,3,w,True,0.0,2.886579864025407e-15,1.7737963451560434e-14,1.0,1.0,1.0,4139.259099154696,w_{t} = - 8.00(x),
KawczynskiStrizhak,3,3,0.0,0,x,True,0.0,5.225695160040501e-11,8.703739552823572e-11,1.0,3.0,3.0,131289.65733532768,x_{t} = + 3.09(x) + 0.49(y) - 0.49(x^3),
KawczynskiStrizhak,3,3,0.0,1,y,True,0.0,2.5884849819135525e-12,1.2264290073959902e-12,1.0,4.0,4.0,565430.7548824713,y_{t} = - 0.40(1) - 1.00(y) - 4.20(x) - 1.00(z),
KawczynskiStrizhak,3,3,0.0,2,z,True,0.0,1.2448375663609568e-12,2.870235840991478e-12,1.0,2.0,2.0,2434507.7613351815,z_{t} = - 0.20(z) + 0.20(x),
Laser,3,3,0.0,0,x,True,0.0,6.199485369506874e-14,1.90626750825634e-13,1.0,3.0,3.0,1880.0558848550509,x_{t} = - 10.00(x) + 10.00(y) + 1.00(y z^2),
Laser,3,3,0.0,1,y,True,0.0,7.460698725481052e-15,2.651463383844323e-13,1.0,2.0,2.0,1786.8934015457878,y_{t} = + 5.00(x) - 1.00(x z^2),
Laser,3,3,0.0,2,z,True,0.0,1.4185689659977168e-12,1.4948342258821835e-12,1.0,2.0,2.0,3082.1352710366014,z_{t} = - 5.00(z) - 6.00(x^2),
LiuChen,3,2,0.0,0,x,True,0.0,0.051301707218403686,0.14645449449305056,0.9785088947707526,2.0,2.0,347.3454984603643,x_{t} = + 0.42(x) + 1.04(y z),
LiuChen,3,2,0.0,1,y,False,3.0,1.0,0.49361595189423196,0.7547630773974482,2.0,3.0,1112.8806826897096,y_{t} = + 6.95(z) + 0.57(y x) - 0.36(x z),
LiuChen,3,2,0.0,2,z,False,2.0,0.14892951968892235,0.11867885328672687,0.9859074749810602,2.0,4.0,577.7734630032428,z_{t} = - 4.26(z) + 0.04(z^2) + 0.02(z x) - 0.93(x y),
Lorenz,3,2,0.0,0,x,True,0.0,5.671907388205e-13,2.546352124137689e-12,1.0,2.0,2.0,1022.1581220209794,x_{t} = - 10.00(x) + 10.00(y),
Lorenz,3,2,0.0,1,y,True,0.0,2.6948443476726425e-12,4.065500189832575e-13,1.0,3.0,3.0,788.0932340808296,y_{t} = - 1.00(y) + 28.00(x) - 1.00(x z),
Lorenz,3,2,0.0,2,z,True,0.0,3.473453662344322e-13,2.5632332390346543e-13,1.0,2.0,2.0,788.0932340808237,z_{t} = - 2.67(z) + 1.00(x y),
Lorenz84,3,2,0.0,0,x,True,0.0,1.0027534358414414e-12,2.675270026937286e-12,1.0,4.0,4.0,119.49746213950422,x_{t} = + 6.38(1) - 1.32(x) - 1.00(y^2) - 1.00(z^2),
Lorenz84,3,2,0.0,1,y,True,0.0,3.5392528907607357e-09,1.4450066622600627e-08,0.9999999999999998,4.0,4.0,44.548634224665925,y_{t} = + 4.19(1) - 1.00(y) + 1.00(y x) - 7.91(x z),
Lorenz84,3,2,0.0,2,z,True,0.0,3.7088305759880313e-09,5.635474671394799e-09,1.0,3.0,3.0,52.55797689128078,z_{t} = - 1.00(z) + 1.00(z x) + 7.91(x y),
LorenzBounded,3,4,0.0,0,x,False,2.0,1.0,0.000631182096760378,0.9999996015995787,8.0,6.0,2945548.0696174805,x_{t} = - 10.17(x) + 10.10(y) + 0.00(x y^2) + 0.00(x z^2) - 0.00(y^3) - 0.00(y z^2),
LorenzBounded,3,4,0.0,1,y,False,3.0,1.1533048201479081,0.00036100378955925916,0.9999998696392469,12.0,9.0,1627143.1284016983,y_{t} = - 0.86(y) + 27.75(x) - 1.02(x z) - 0.00(y^2 x) - 0.01(x^3) - 0.00(x z^2) + 0.00(y^2 x z) + 0.00(x^3 z) + 0.00(x z^3),
LorenzBounded,3,4,0.0,2,z,False,6.0,1.0,0.07484611300731457,0.9943916702702872,8.0,2.0,1455001.4098083128,z_{t} = - 2.08(z) + 0.73(x y),
LorenzCoupled,6,2,0.0,0,x1,True,0.0,2.5757174171303632e-14,1.6390560793409055e-13,1.0,2.0,2.0,26199.98122453801,x1_{t} = - 10.00(x1) + 10.00(y1),
LorenzCoupled,6,2,0.0,1,y1,True,0.0,8.674505558303736e-12,1.7411986644009476e-12,1.0,3.0,3.0,14989.378750648704,y1_{t} = - 1.00(y1) + 35.00(x1) - 1.00(x1 z1),
LorenzCoupled,6,2,0.0,2,z1,True,0.0,1.3736789483687062e-12,1.5473085270535867e-12,1.0,2.0,2.0,14198.295805086247,z1_{t} = - 2.67(z1) + 1.00(x1 y1),
LorenzCoupled,6,2,0.0,3,x2,True,0.0,1.3690382161257731e-12,1.3024886673631359e-12,1.0,3.0,3.0,39333.44002387043,x2_{t} = - 12.85(x2) + 2.85(x1) + 10.00(y2),
LorenzCoupled,6,2,0.0,4,y2,True,0.0,1.1102230246251565e-14,1.4643753940162982e-14,1.0,3.0,3.0,209881.56611351424,y2_{t} = - 1.00(y2) + 1.15(x2) - 1.00(x2 z2),
LorenzCoupled,6,2,0.0,5,z2,True,0.0,4.0296058786544865e-14,1.8085668882217279e-13,1.0,2.0,2.0,77613.32055412649,z2_{t} = - 2.67(z2) + 1.00(x2 y2),
LorenzStenflo,4,2,0.0,0,x,True,0.0,6.2082191239672584e-12,1.7313702922111249e-12,1.0,3.0,3.0,1852.8884737141036,x_{t} = - 2.00(x) + 2.00(y) + 1.50(w),
LorenzStenflo,4,2,0.0,1,y,True,0.0,1.7935652962819404e-12,1.4357236582583543e-12,1.0,3.0,3.0,1031.095838262303,y_{t} = - 1.00(y) + 26.00(x) - 1.00(x z),
LorenzStenflo,4,2,0.0,2,z,True,0.0,6.004086117172847e-13,9.753291608990297e-13,1.0,2.0,2.0,1074.1794902726253,z_{t} = - 0.70(z) + 1.00(x y),
LorenzStenflo,4,2,0.0,3,w,True,0.0,3.1530333899354446e-14,2.9690435573218415e-13,1.0,2.0,2.0,3490.3658617960573,w_{t} = - 2.00(w) - 1.00(x),
LuChen,3,2,0.0,0,x,True,0.0,1.2275020506220043e-11,8.175919723084638e-12,1.0,2.0,2.0,15463.22801054352,x_{t} = - 36.00(x) + 36.00(y),
LuChen,3,2,0.0,1,y,True,0.0,4.0636605191934905e-11,2.235749223210812e-11,1.0,2.0,2.0,16508.1398301021,y_{t} = + 18.00(y) - 1.00(x z),
LuChen,3,2,0.0,2,z,True,0.0,5.956857229705292e-11,9.127649558897627e-12,1.0,2.0,2.0,16508.139830101845,z_{t} = - 3.00(z) + 1.00(x y),
LuChenCheng,3,2,0.0,0,x,True,0.0,5.689248949173067e-12,1.5603581747157677e-12,1.0,3.0,3.0,790.8072951666463,x_{t} = + 18.10(1) + 2.86(x) - 1.00(y z),
LuChenCheng,3,2,0.0,1,y,True,0.0,1.1146639167236572e-13,1.6941934399281926e-13,1.0,2.0,2.0,788.1036988972163,y_{t} = - 10.00(y) + 1.00(x z),
LuChenCheng,3,2,0.0,2,z,True,0.0,4.3720582709738665e-13,2.221972165229201e-13,1.0,2.0,2.0,819.9838256557425,z_{t} = - 4.00(z) + 1.00(x y),
MooreSpiegel,3,3,0.0,0,x,True,0.0,6.508127370352668e-13,7.132970302540909e-13,1.0,1.0,1.0,920.0222245832354,x_{t} = + 1.00(y),
MooreSpiegel,3,3,0.0,1,y,True,0.0,3.5793590313915047e-13,1.862162402207446e-12,1.0,1.0,1.0,815.7544950991789,y_{t} = + 10.00(z),
MooreSpiegel,3,3,0.0,2,z,False,2.0,1.0,0.04760124360219667,0.9977191070034418,4.0,2.0,614.3433788842677,z_{t} = + 9.19(y) - 1.01(x^2 y),
NewtonLiepnik,3,2,0.0,0,x,True,0.0,2.2313262348916396e-12,3.807988371584749e-13,1.0,3.0,3.0,221.19702227302136,x_{t} = - 0.40(x) + 1.00(y) + 10.00(y z),
NewtonLiepnik,3,2,0.0,1,y,True,0.0,1.6706080963047043e-12,1.4519006149319672e-12,1.0,3.0,3.0,162.53431097735873,y_{t} = - 0.40(y) - 1.00(x) + 5.00(x z),
NewtonLiepnik,3,2,0.0,2,z,True,0.0,3.2529534621517087e-13,1.272489774130468e-12,1.0,2.0,2.0,162.53431097735861,z_{t} = + 0.17(z) - 5.00(x y),
NoseHoover,3,2,0.0,0,x,True,0.0,2.0228263508670352e-13,1.9674011208792662e-13,1.0,1.0,1.0,16.435547298609993,x_{t} = + 1.00(y),
NoseHoover,3,2,0.0,1,y,True,0.0,2.0250467969162855e-13,2.7756926147458107e-13,1.0,2.0,2.0,9.311000292002548,y_{t} = - 1.00(x) + 1.00(y z),
NoseHoover,3,2,0.0,2,z,True,0.0,1.509903313490213e-14,3.843647714033447e-13,1.0,2.0,2.0,9.311000292002548,z_{t} = + 1.50(1) - 1.00(y^2),
NuclearQuadrupole,4,3,0.0,0,q1,True,0.0,6.128431095930864e-14,8.700614537285658e-14,1.0,1.0,1.0,740.5139714452816,q1_{t} = + 1.00(p1),
NuclearQuadrupole,4,3,0.0,1,q2,True,0.0,2.5757174171303632e-14,4.570968996702024e-14,1.0,1.0,1.0,840.9338610537501,q2_{t} = + 1.00(p2),
NuclearQuadrupole,4,3,0.0,2,p1,True,0.0,6.189493362285248e-13,9.617876420132333e-13,1.0,5.0,5.0,108.70951289864117,p1_{t} = - 1.00(q1) + 1.17(q1^2) - 1.17(q2^2) - 0.40(q1^3) - 0.40(q1 q2^2),
NuclearQuadrupole,4,3,0.0,3,p2,True,0.0,5.504485756091526e-13,4.739079961162072e-13,1.0,4.0,4.0,121.70729901824309,p2_{t} = - 1.00(q2) - 2.33(q1 q2) - 0.40(q1^2 q2) - 0.40(q2^3),
PanXuZhou,3,2,0.0,0,x,True,0.0,1.2150280781497713e-12,1.582365107108052e-12,1.0,2.0,2.0,4446.459339231473,x_{t} = - 10.00(x) + 10.00(y),
PanXuZhou,3,2,0.0,1,y,True,0.0,1.1790568521519162e-13,1.9175412077017049e-13,1.0,2.0,2.0,1751.3936433958308,y_{t} = + 16.00(x) - 1.00(x z),
PanXuZhou,3,2,0.0,2,z,True,0.0,1.079123290894516e-13,1.6075921473560387e-13,1.0,2.0,2.0,1927.4250447034506,z_{t} = - 2.67(z) + 1.00(x y),
PehlivanWei,3,2,0.0,0,x,True,0.0,2.799982468104645e-13,3.9982428879164506e-13,1.0,2.0,2.0,16.413614849869667,x_{t} = + 1.00(y) - 1.00(y z),
PehlivanWei,3,2,0.0,1,y,True,0.0,2.615685446016869e-13,3.7586150226243004e-13,1.0,3.0,3.0,16.413614849869656,y_{t} = + 1.00(y) - 2.00(x) + 1.00(y z),
PehlivanWei,3,2,0.0,2,z,True,0.0,1.2101430968414206e-13,1.104162842595063e-13,1.0,3.0,3.0,16.87445730699184,z_{t} = + 2.00(1) - 1.00(x y) - 1.00(y^2),
Qi,4,3,0.0,0,x,True,0.0,1.4548362514688051e-12,1.103733330098493e-12,1.0,3.0,3.0,740279.6824990758,x_{t} = - 45.00(x) + 45.00(y) + 1.00(y z w),
Qi,4,3,0.0,1,y,True,0.0,5.028333305290289e-12,1.867636051300724e-12,1.0,3.0,3.0,685137.6311004517,y_{t} = + 10.00(y) + 10.00(x) - 1.00(x z w),
Qi,4,3,0.0,2,z,True,0.0,1.9340085088970227e-13,1.892162078949808e-12,1.0,2.0,2.0,665086.8547159047,z_{t} = - 1.00(z) + 1.00(x y w),
Qi,4,3,0.0,3,w,True,0.0,6.323830348264892e-14,8.148446168225397e-13,1.0,2.0,2.0,709481.0806944462,w_{t} = - 10.00(w) + 1.00(x y z),
QiChen,3,2,0.0,0,x,True,0.0,7.511558626567038e-12,3.0106186785670633e-12,1.0,3.0,3.0,18651.53971065494,x_{t} = - 38.00(x) + 38.00(y) + 1.00(y z),
QiChen,3,2,0.0,1,y,False,1.0,1.0,0.009831880679193786,0.9999026988365958,3.0,2.0,11730.519624739449,y_{t} = + 82.03(x) - 1.02(x z),
QiChen,3,2,0.0,2,z,True,0.0,1.1390888232654106e-13,2.5242992830545974e-13,1.0,2.0,2.0,12396.029451560225,z_{t} = - 2.67(z) + 1.00(x y),
RabinovichFabrikant,3,3,0.0,0,x,True,0.0,5.562217353372034e-14,1.2684754022053143e-13,1.0,4.0,4.0,37245.56517462934,x_{t} = + 0.87(x) - 1.00(y) + 1.00(y z) + 1.00(x^2 y),
RabinovichFabrikant,3,3,0.0,1,y,True,0.0,2.1371793224034263e-13,1.1804107026546065e-13,1.0,4.0,4.0,35723.5418674225,y_{t} = + 0.87(y) + 1.00(x) + 3.00(x z) - 1.00(x^3),
RabinovichFabrikant,3,3,0.0,2,z,True,0.0,1.1909665173251679e-14,9.39346471719068e-14,1.0,2.0,2.0,38038.286424662554,z_{t} = - 2.20(z) - 2.00(z x y),
RayleighBenard,3,2,0.0,0,x,True,0.0,4.574710980402112e-13,2.0214577872644095e-12,1.0,2.0,2.0,537.7426603687168,x_{t} = - 30.00(x) + 30.00(y),
RayleighBenard,3,2,0.0,1,y,True,0.0,1.065024611711528e-12,4.1142066845310806e-12,1.0,2.0,2.0,527.9004445868592,y_{t} = + 18.00(y) - 1.00(x z),
RayleighBenard,3,2,0.0,2,z,True,0.0,6.583622536027178e-14,2.3972505478505153e-13,1.0,2.0,2.0,422.84017159610846,z_{t} = - 5.00(z) + 1.00(x y),
RikitakeDynamo,3,2,0.0,0,x,True,0.0,2.3803181647963356e-13,6.926039215642128e-13,1.0,2.0,2.0,121.51124094686982,x_{t} = - 1.00(x) + 1.00(y z),
RikitakeDynamo,3,2,0.0,1,y,True,0.0,1.4666046155298318e-13,1.404916570941513e-13,1.0,3.0,3.0,90.65250505965433,y_{t} = - 1.00(y) - 1.00(x) + 1.00(x z),
RikitakeDynamo,3,2,0.0,2,z,True,0.0,7.476241847825804e-13,1.9774704048929776e-12,1.0,2.0,2.0,99.06703749007315,z_{t} = + 1.00(1) - 1.00(x y),
Rossler,3,2,0.0,0,x,True,0.0,3.6903813338540203e-13,1.5846461918213283e-13,1.0,2.0,2.0,1067.1886834645022,x_{t} = - 1.00(y) - 1.00(z),
Rossler,3,2,0.0,1,y,True,0.0,1.8207657603852567e-14,1.5897601771327702e-14,1.0,2.0,2.0,2005.164013957368,y_{t} = + 0.20(y) + 1.00(x),
Rossler,3,2,0.0,2,z,False,1.0,1.0,0.04223871911038493,0.9982078205255613,3.0,2.0,182.5571821228432,z_{t} = - 5.67(z) + 1.00(z x),
Rucklidge,3,2,0.0,0,x,True,0.0,7.383811638402533e-14,2.609203587280005e-13,1.0,3.0,3.0,195.3042665297982,x_{t} = - 2.00(x) + 6.70(y) - 1.00(y z),
Rucklidge,3,2,0.0,1,y,True,0.0,4.618527782440651e-14,2.956270065321251e-13,1.0,1.0,1.0,213.46719275024344,y_{t} = + 1.00(x),
Rucklidge,3,2,0.0,2,z,True,0.0,1.1258771692723712e-12,1.925858677374727e-12,1.0,2.0,2.0,233.8741755986782,z_{t} = - 1.00(z) + 1.00(y^2),
Sakarya,3,2,0.0,0,x,False,1.0,1.0,0.07503721737154774,0.9943682975002393,3.0,2.0,110.75123841270869,x_{t} = - 1.09(x) + 1.27(y z),
Sakarya,3,2,0.0,1,y,True,0.0,2.1673828842772025e-08,3.265842320957928e-08,0.9999999999999989,3.0,3.0,53.92096550761407,y_{t} = - 1.00(y) - 1.00(x) + 0.40(x z),
Sakarya,3,2,0.0,2,z,True,0.0,1.0246286967034262e-08,2.7838913563030983e-08,0.9999999999999992,2.0,2.0,53.2589106360499,z_{t} = + 1.00(z) - 0.30(x y),
ShimizuMorioka,3,2,0.0,0,x,True,0.0,3.241851231905457e-14,1.4642826049936321e-13,1.0,1.0,1.0,318.84632486484765,x_{t} = + 1.00(y),
ShimizuMorioka,3,2,0.0,1,y,True,0.0,1.0222933610748441e-12,1.1589600860357924e-12,1.0,3.0,3.0,181.51061418406852,y_{t} = - 0.85(y) + 1.00(x) - 1.00(x z),
ShimizuMorioka,3,2,0.0,2,z,True,0.0,1.475486399726833e-13,4.1607532868238403e-13,1.0,2.0,2.0,229.61278838935323,z_{t} = - 0.50(z) + 1.00(x^2),
SprottA,3,2,0.0,0,x,True,0.0,2.902122986370159e-13,2.452085909149267e-13,1.0,1.0,1.0,10.652476336784108,x_{t} = + 1.00(y),
SprottA,3,2,0.0,1,y,True,0.0,4.618527782440651e-14,9.84847367394232e-14,1.0,2.0,2.0,5.0817681863315265,y_{t} = - 1.00(x) + 1.00(y z),
SprottA,3,2,0.0,2,z,True,0.0,1.7974510768681284e-12,2.3865200710990326e-12,1.0,2.0,2.0,5.8272053083124,z_{t} = + 1.00(1) - 1.00(y^2),
SprottB,3,2,0.0,0,x,True,0.0,7.249756350802272e-14,1.1709530180373479e-12,1.0,1.0,1.0,23.318932312717724,x_{t} = + 1.00(y z),
SprottB,3,2,0.0,1,y,True,0.0,9.099387909827783e-13,3.4800842697852e-12,1.0,2.0,2.0,35.465590420694895,y_{t} = - 1.00(y) + 1.00(x),
SprottB,3,2,0.0,2,z,True,0.0,6.59472476627343e-14,8.909712123523449e-13,1.0,2.0,2.0,23.318932312717735,z_{t} = + 1.00(1) - 1.00(x y),
SprottC,3,2,0.0,0,x,True,0.0,2.4358293160275934e-13,2.1249028513129662e-12,1.0,1.0,1.0,29.79201765711456,x_{t} = + 1.00(y z),
SprottC,3,2,0.0,1,y,True,0.0,7.749356711883593e-14,3.315193430902018e-13,1.0,2.0,2.0,40.54279552419509,y_{t} = - 1.00(y) + 1.00(x),
SprottC,3,2,0.0,2,z,True,0.0,2.6700863742235015e-13,1.2622908394355634e-12,1.0,2.0,2.0,30.67204767924193,z_{t} = + 1.00(1) - 1.00(x^2),
SprottD,3,2,0.0,0,x,True,0.0,2.5290880500961066e-13,1.830278098048872e-12,1.0,1.0,1.0,532.0585312740817,x_{t} = - 1.00(y),
SprottD,3,2,0.0,1,y,True,0.0,6.639133687258436e-14,1.2038073492034685e-13,1.0,2.0,2.0,163.72235819727436,y_{t} = + 1.00(x) + 1.00(z),
SprottD,3,2,0.0,2,z,True,0.0,5.950795411990839e-14,6.762919238895201e-13,1.0,2.0,2.0,98.10245189501902,z_{t} = + 1.00(z x) + 3.00(y^2),
SprottE,3,2,0.0,0,x,True,0.0,2.864375403532904e-14,1.7928226136050596e-13,1.0,1.0,1.0,93.3060583791793,x_{t} = + 1.00(y z),
SprottE,3,2,0.0,1,y,True,0.0,2.5091040356528538e-14,3.230127220470169e-13,1.0,2.0,2.0,96.22227185282428,y_{t} = - 1.00(y) + 1.00(x^2),
SprottE,3,2,0.0,2,z,True,0.0,1.3233858453531866e-13,3.616150601059749e-13,1.0,2.0,2.0,129.33452890862827,z_{t} = + 1.00(1) - 4.00(x),
SprottF,3,2,0.0,0,x,True,0.0,4.2721381987576024e-13,1.5594486373282322e-12,1.0,2.0,2.0,146.94276907343962,x_{t} = + 1.00(y) + 1.00(z),
SprottF,3,2,0.0,1,y,True,0.0,7.593925488436071e-14,2.6450210583870917e-13,1.0,2.0,2.0,369.26065383796424,y_{t} = + 0.50(y) - 1.00(x),
SprottF,3,2,0.0,2,z,True,0.0,1.3714585023194559e-12,2.4192263477446407e-12,1.0,2.0,2.0,103.50408932382092,z_{t} = - 1.00(z) + 1.00(x^2),
SprottG,3,2,0.0,0,x,True,0.0,1.0935696792557792e-13,1.6286081939151824e-13,1.0,2.0,2.0,300.7295641744186,x_{t} = + 0.40(x) + 1.00(z),
SprottG,3,2,0.0,1,y,True,0.0,7.72715225139109e-14,2.5627915081594346e-13,1.0,2.0,2.0,158.72326852583868,y_{t} = - 1.00(y) + 1.00(x z),
SprottG,3,2,0.0,2,z,True,0.0,8.1556983388964e-13,3.789379376268336e-13,1.0,2.0,2.0,135.09022242232177,z_{t} = - 1.00(x) + 1.00(y),
SprottH,3,2,0.0,0,x,True,0.0,3.426148253993233e-13,2.2590245059987824e-12,1.0,2.0,2.0,63.16670421867517,x_{t} = - 1.00(y) + 1.00(z^2),
SprottH,3,2,0.0,1,y,True,0.0,2.2282176104226892e-13,1.2428919714127337e-12,1.0,2.0,2.0,121.28655326077734,y_{t} = + 0.50(y) + 1.00(x),
SprottH,3,2,0.0,2,z,True,0.0,1.2523315717771766e-13,2.4665755215489742e-12,1.0,2.0,2.0,97.42559502345343,z_{t} = - 1.00(z) + 1.00(x),
SprottI,3,2,0.0,0,x,True,0.0,2.095545958979983e-14,9.457459271891243e-14,1.0,1.0,1.0,709.7704866069413,x_{t} = - 0.20(y),
SprottI,3,2,0.0,1,y,True,0.0,2.3070434451710753e-13,1.716016147469799e-13,1.0,2.0,2.0,415.3268991723888,y_{t} = + 1.00(x) + 1.00(z),
SprottI,3,2,0.0,2,z,True,0.0,8.071321389024888e-14,7.64384713711137e-13,1.0,3.0,3.0,232.8630101881987,z_{t} = - 1.00(z) + 1.00(x) + 1.00(y^2),
SprottJ,3,2,0.0,0,x,True,0.0,1.532107773982716e-14,7.704075746378366e-14,1.0,1.0,1.0,13361.1065225037,x_{t} = + 2.00(z),
SprottJ,3,2,0.0,1,y,True,0.0,1.7186252421197423e-13,1.9766855102990825e-13,1.0,2.0,2.0,9819.295634819196,y_{t} = - 2.00(y) + 1.00(z),
SprottJ,3,2,0.0,2,z,True,0.0,1.4932499681208355e-13,4.594840711098375e-13,1.0,3.0,3.0,8947.238389723103,z_{t} = - 1.00(x) + 1.00(y) + 1.00(y^2),
SprottJerk,3,2,0.0,0,x,True,0.0,1.5298873279334657e-13,6.134040413943025e-14,1.0,1.0,1.0,2226.033964748457,x_{t} = + 1.00(y),
SprottJerk,3,2,0.0,1,y,True,0.0,9.117151478221786e-13,1.0516406654657821e-12,1.0,1.0,1.0,942.0615986603374,y_{t} = + 1.00(z),
SprottJerk,3,2,0.0,2,z,True,0.0,4.0687995032370636e-13,7.236616630638313e-13,1.0,3.0,3.0,309.2822685032618,z_{t} = - 2.02(z) - 1.00(x) + 1.00(y^2),
SprottK,3,2,0.0,0,x,True,0.0,9.370282327836321e-14,2.628561282779077e-13,1.0,2.0,2.0,291.2095075727881,x_{t} = - 1.00(z) + 1.00(x y),
SprottK,3,2,0.0,1,y,True,0.0,2.660094367001875e-13,2.345394856751464e-13,1.0,2.0,2.0,433.1560958112541,y_{t} = - 1.00(y) + 1.00(x),
SprottK,3,2,0.0,2,z,True,0.0,3.907985046680551e-14,6.054871421954213e-14,1.0,2.0,2.0,895.7005322679057,z_{t} = + 0.30(z) + 1.00(x),
SprottL,3,2,0.0,0,x,True,0.0,1.3788969965844444e-13,1.793879744197597e-13,1.0,2.0,2.0,856.1682775960523,x_{t} = + 1.00(y) + 3.90(z),
SprottL,3,2,0.0,1,y,True,0.0,8.90287843446913e-13,1.3055368545222676e-12,1.0,2.0,2.0,367.70813325671895,y_{t} = - 1.00(y) + 0.90(x^2),
SprottL,3,2,0.0,2,z,True,0.0,2.5135449277513544e-13,5.641628346850179e-13,1.0,2.0,2.0,2019.229932120546,z_{t} = + 1.00(1) - 1.00(x),
SprottM,3,2,0.0,0,x,True,0.0,3.419486915845482e-14,5.512524716310415e-14,1.0,1.0,1.0,212.22531082450357,x_{t} = - 1.00(z),
SprottM,3,2,0.0,1,y,True,0.0,1.8685053504441385e-13,3.8291783761811155e-13,1.0,2.0,2.0,113.95085840361402,y_{t} = - 1.00(y) - 1.00(x^2),
SprottM,3,2,0.0,2,z,True,0.0,2.53261464088021e-13,1.2949180855459483e-13,1.0,3.0,3.0,129.93777935015564,z_{t} = + 1.70(1) + 1.70(x) + 1.00(y),
SprottN,3,2,0.0,0,x,True,0.0,3.197442310920451e-14,5.0414325564172235e-14,1.0,1.0,1.0,3173.3887382966714,x_{t} = - 2.00(y),
SprottN,3,2,0.0,1,y,True,0.0,3.5416114485542494e-14,1.5055311179427065e-13,1.0,2.0,2.0,971.2013578227487,y_{t} = + 1.00(x) + 1.00(z^2),
SprottN,3,2,0.0,2,z,True,0.0,2.4802382370125997e-13,1.6685292834510455e-13,1.0,3.0,3.0,1822.8731415050115,z_{t} = + 1.00(1) - 2.00(z) + 1.00(y),
SprottO,3,2,0.0,0,x,True,0.0,1.0075273948473296e-12,1.8214024375723675e-13,1.0,1.0,1.0,2891.381565050942,x_{t} = + 1.00(y),
SprottO,3,2,0.0,1,y,True,0.0,2.904454454721872e-12,6.03299611200612e-13,1.0,2.0,2.0,2789.2271986251476,y_{t} = + 1.00(x) - 1.00(z),
SprottO,3,2,0.0,2,z,True,0.0,5.456413099125257e-12,4.559985973733293e-13,1.0,3.0,3.0,2982.6007166120626,z_{t} = + 1.00(x) + 2.70(y) + 1.00(z x),
SprottP,3,2,0.0,0,x,True,0.0,3.8191672047105385e-14,1.2012309620030945e-13,1.0,2.0,2.0,644.9161346413467,x_{t} = + 2.70(y) + 1.00(z),
SprottP,3,2,0.0,1,y,True,0.0,6.439293542825908e-14,9.218516779490445e-14,1.0,2.0,2.0,550.9924247543165,y_{t} = - 1.00(x) + 1.00(y^2),
SprottP,3,2,0.0,2,z,True,0.0,5.329070518200751e-15,7.043820793561925e-14,1.0,2.0,2.0,913.6911433724221,z_{t} = + 1.00(x) + 1.00(y),
SprottQ,3,2,0.0,0,x,True,0.0,1.7763568394002505e-14,7.879777374855758e-14,1.0,1.0,1.0,292.80291434574,x_{t} = - 1.00(z),
SprottQ,3,2,0.0,1,y,True,0.0,7.438494264988549e-15,4.870378250618463e-14,1.0,2.0,2.0,372.7466857608629,y_{t} = - 1.00(y) + 1.00(x),
SprottQ,3,2,0.0,2,z,True,0.0,3.4439118223872356e-13,1.4379175686551256e-13,1.0,3.0,3.0,212.42376932235697,z_{t} = + 0.50(z) + 3.10(x) + 1.00(y^2),
SprottR,3,2,0.0,0,x,True,0.0,2.784192629532198e-13,2.150977893859483e-13,1.0,2.0,2.0,111.98126667742936,x_{t} = + 0.90(1) - 1.00(y),
SprottR,3,2,0.0,1,y,True,0.0,4.72261119099926e-13,9.014210842445242e-13,1.0,2.0,2.0,101.72730807003968,y_{t} = + 0.40(1) + 1.00(z),
SprottR,3,2,0.0,2,z,True,0.0,6.827871601444713e-14,1.468275712070067e-13,1.0,2.0,2.0,106.17272929517453,z_{t} = - 1.00(z) + 1.00(x y),
SprottS,3,2,0.0,0,x,True,0.0,3.064215547965432e-14,5.0963837924592945e-14,1.0,2.0,2.0,183.8059745338546,x_{t} = - 1.00(x) - 4.00(y),
SprottS,3,2,0.0,1,y,True,0.0,1.3322676295501878e-13,8.599029210500994e-14,1.0,2.0,2.0,136.36575692271006,y_{t} = + 1.00(x) + 1.00(z^2),
SprottS,3,2,0.0,2,z,True,0.0,6.661338147750939e-15,2.800334080631873e-14,1.0,2.0,2.0,254.55059606700087,z_{t} = + 1.00(1) + 1.00(x),
SprottTorus,3,2,0.0,0,x,True,0.0,3.527983166717874e-07,3.951089606985359e-06,0.9999999999843611,3.0,3.0,62.628065770720475,x_{t} = + 1.00(y) + 2.00(x y) + 1.00(x z),
SprottTorus,3,2,0.0,1,y,True,0.0,2.528288914671606e-06,3.9740743031058235e-06,0.9999999999841965,3.0,3.0,62.6280657707204,y_{t} = + 1.00(1) + 1.00(y z) - 2.00(x^2),
SprottTorus,3,2,0.0,2,z,True,0.0,9.374545584250882e-11,4.1628708024686056e-10,1.0,3.0,3.0,86.79295538344815,z_{t} = + 1.00(x) - 1.00(x^2) - 1.00(y^2),
Tsucs2,3,2,0.0,0,x,True,0.0,1.9239054793729338e-12,2.7734592855314363e-12,1.0,3.0,3.0,156.5315912699545,x_{t} = - 40.00(x) + 40.00(y) + 0.50(x z),
Tsucs2,3,2,0.0,1,y,True,0.0,3.8191672047105385e-14,1.4687976522313597e-13,1.0,2.0,2.0,151.43556768569184,y_{t} = + 20.00(y) - 1.00(x z),
Tsucs2,3,2,0.0,2,z,True,0.0,1.2047185977895306e-12,1.1898194389423424e-12,1.0,3.0,3.0,171.50804055866925,z_{t} = + 0.83(z) - 0.65(x^2) + 1.00(x y),
WangSun,3,2,0.0,0,x,True,0.0,7.968308582406713e-08,1.6735145380649287e-07,0.9999999999999714,2.0,2.0,46.00824402640793,x_{t} = + 0.20(x) + 1.00(y z),
WangSun,3,2,0.0,1,y,False,1.0,1.0,0.04922019454634361,0.9975541101981188,3.0,2.0,40.20280455991375,y_{t} = - 0.40(y) - 1.01(x z),
WangSun,3,2,0.0,2,z,True,0.0,2.6645745276887567e-08,1.4773472194716975e-07,0.9999999999999781,2.0,2.0,39.94494293957254,z_{t} = - 1.00(z) - 1.00(x y),
ZhouChen,3,2,0.0,0,x,False,1.0,1.0,0.01509933526400447,0.999767893266007,3.0,2.0,38.77958429915873,x_{t} = + 3.03(x) + 1.01(y z),
ZhouChen,3,2,0.0,1,y,True,0.0,1.6692431215048487e-07,1.2790146853669038e-07,0.9999999999999836,3.0,3.0,40.19101100438107,y_{t} = - 3.00(y) + 1.00(y z) - 1.00(x z),
ZhouChen,3,2,0.0,2,z,True,0.0,1.8027601594861054e-06,3.919320413778886e-06,0.9999999999846119,2.0,2.0,34.43784202248377,z_{t} = - 8.78(z) - 1.00(x y),
